text,timestamp
🔥🔥,2024-08-02T12:37:58.000Z
oke pindah bri gw skrg 🏄🏽‍♂️,2024-08-03T03:44:29.000Z
Sat set wat wet Brimo nih 😍,2024-08-02T12:10:59.000Z
🔥🔥🔥🔥 Awww,2024-08-02T13:25:02.000Z
BRImo emang best dah 👏👏🔥🔥,2024-08-02T12:22:53.000Z
Brimo memang terbaik,2024-08-03T17:28:03.000Z
Menyala brimokuuu😍🔥,2024-08-03T04:35:16.000Z
❤️,2024-08-02T16:58:16.000Z
Akan kupastikan nonton setiap ke jogja 🔥,2024-08-02T16:37:09.000Z
mister 😍,2024-08-02T12:06:21.000Z
omaygat mr. menawan😍👏,2024-08-02T12:07:19.000Z
"gokil, otw download brimoooo",2024-08-02T13:46:13.000Z
Wawww ka adrian aja pake brimo👏👏🔥,2024-08-03T03:51:33.000Z
"ini yg gw butuhin,, makasih bang",2024-08-02T12:21:20.000Z
undang juicy luicy & adrian ke bri after office dong min,2024-08-02T12:11:10.000Z
@bankbri_id unit petojo am sangaji buruk pelayanan nya,2024-08-03T00:14:22.000Z
Suaranyaaa sopan bgt❤️,2024-08-02T13:16:09.000Z
Beli tiket pesawat di BRImo ada diskon ngga ya?,2024-08-05T09:21:44.000Z
BRIMONAWAN,2024-08-02T12:40:10.000Z
@eka_d_susanto mirip pak oki cuk,2024-08-09T11:44:05.000Z
kiwww😍,2024-08-02T12:09:41.000Z
😍,2024-08-02T14:29:15.000Z
😍,2024-08-02T15:28:23.000Z
🔥🔥,2024-08-03T01:30:16.000Z
Best nihh🔥,2024-08-03T01:30:44.000Z
Bapak imam supingin pasti bangga sukses muridnya 😢👏👏,2024-08-03T12:10:09.000Z
The best,2024-08-03T17:21:49.000Z
Brimo the best😍,2024-08-03T17:33:06.000Z
BRImo selalu jadi andalan😍,2024-08-03T17:37:33.000Z
BRIMO memang si Mudah dan Serba Bisa😍😍😍😍,2024-08-03T23:03:10.000Z
Menyala BRIMO ku🔥,2024-08-04T04:00:04.000Z
Mudah banget beli tiket pesawat lewat brimo 😍,2024-08-04T13:45:29.000Z
Brimo mudah banget 😍,2024-08-05T16:14:20.000Z
BRImo memang sangat memudahkan kita semua 😍,2024-08-06T03:50:20.000Z
pakai BRImo memang banyak keuntungannya,2024-08-06T04:03:18.000Z
BRImo memang sangat fleksibel bgt,2024-08-06T04:10:52.000Z
BRImo memang pilihan terbaik,2024-08-06T04:16:30.000Z
BRImo sangatlah mudah dan ga ribet,2024-08-06T04:23:41.000Z
BRImo memang mudah bgt,2024-08-06T04:30:24.000Z
BRImo sangat fleksibel bgt,2024-08-06T04:34:58.000Z
BRImo sangat serba bisa,2024-08-06T04:45:24.000Z
untung ada brimo yg bisa diandalkan,2024-08-06T05:48:56.000Z
sangat terbantu dengan BRImk,2024-08-06T05:53:51.000Z
"Kebetulan lagi butuh tiket pesawat nih, gass lah beli di brimo aja😍",2024-08-06T08:30:34.000Z
Mantap fiturnya brimo selengkap itu,2024-08-06T13:20:47.000Z
Mau apa aja di brimo bisa,2024-08-07T05:10:02.000Z
Mo apa aja mudah pakai brimo,2024-08-07T06:05:07.000Z
Urusan finansial aku serahkan ke brimo,2024-08-07T06:27:08.000Z
Brimo mudah dan serba bisa apa aja😍,2024-08-07T07:14:47.000Z
Mo beli tiket di brimo yaaa bisa banget dong 🤭,2024-08-07T07:49:01.000Z
Untung ada #BRImoMudahSerbaBisa yang bisa penuhi segala rupa kebutuhan finansial! 🥹💙,2024-08-15T05:23:58.000Z
"rugi sih kalo gak punya brimo, serba bisa soalnya",2024-08-20T03:50:28.000Z
brimo memang sangat membantu banget sih,2024-08-20T04:12:56.000Z
Endorsnya aal memang terkonsep jadi sekarang thor pun endorsnya ikut jadi keren apalagi kalau udah berdua begini 😍😍😍,2024-07-24T12:28:25.000Z
Aal pas di pegang tangan sama Thor kek ga nyangka gitu langsung tersipu maluu awww kenapa gua jadi ikutan mesem2 jg yaak xixixi 😍❤️,2024-07-24T12:30:36.000Z
Salfok ama kulit Aal bersih glowing banget sampai jari2.. idaman banget makin cakep Aal n Thor😍,2024-07-24T13:29:38.000Z
"Dibalik hinaan dan cacian ,byk rezeki yg melimpah dtang,kerennn🔥🔥❤️",2024-07-25T07:25:11.000Z
Jadi gasabar liat aalthor family nanti bayangin nya aja uda gemesss banget,2024-07-24T12:22:18.000Z
"Salah satu nasabah BRI jg, seneng bgt AalThor yg endors❤️😍🔥",2024-07-24T12:43:12.000Z
Masyaallah rezeky calon manten terus menglir seperti air❤️ semoga semakin menyalaaaaa,2024-07-24T12:21:14.000Z
Thor cara endorse mu berubah 😂🤣tapi cakep jadi kayak iklan gak lebay,2024-07-24T13:40:22.000Z
Kenapa si harus hj torik😢,2024-07-25T12:59:29.000Z
Disini ada bro Thariq 😂 Aal senyum2 . Gemes ya lihatin CPP & CPW ngobrol,2024-07-24T13:58:22.000Z
Yakan dripada arisan bodong mending britama rencana 😂💙,2024-07-24T13:33:12.000Z
Aduh saltingnya Aal gemash 🤏😂,2024-07-24T12:51:53.000Z
Biaya haji gak tuh😂👌👌👌,2024-07-24T12:20:05.000Z
"MasyaAllah Keren , Thor Emang Super Satset 😍😍🔥🔥",2024-07-24T12:20:48.000Z
Kalau tabungan emas di Brimo itu menguntungkan gk ya?,2024-07-25T05:47:55.000Z
H. Thoriq 😂,2024-07-24T12:10:59.000Z
"Salam buat calon istri lu bang ngajinya dibenerin lagi, jangan yang pendek di panjang""ngin😭😭😭😭😭😭😭😭",2024-07-25T11:34:40.000Z
Maaf ada buibu yg sepaham gk sih….Auranya bumil trimester pertama banget gk sih,2024-07-26T12:17:44.000Z
"Pokoknya kalo sudah nikah harus ada vlog setiap hari, gak mauuuu tauuuuuuuu 👊👊",2024-07-24T12:35:28.000Z
"Mau kritik sedikit boleh g kakak²?? Kak al konsep bicaranya kurang seru dikit. Jd agak garing klo balas²an ngomong sm kak thor. Mgkn kak aal lg kurang PD mgkn ya, semangat terus !!!",2024-08-02T06:40:35.000Z
Pokonya kalau sdh nika stiap hari harus ada vlognya,2024-07-24T13:29:50.000Z
"Awalnya dia mau blg ""tenang aja ada haji toriq""",2024-08-02T08:32:54.000Z
Baru kali ini q nonton iklan artis smpe habis 😍😍😍😍 aahhhhh seneg liat kalian,2024-07-24T14:03:03.000Z
"Masya Allah,makin Berkah,istri SGT di Ratukan,beruntung kamu Aaliyah,abaikan saja para Hatter yg makin panas,mereka ingin sepertimu,TPI TDK bisa,semoga langgeng ,Samawa selalu🙏",2024-07-29T01:35:05.000Z
Emang nya lo ganteng jarwo? 🤣🤣🤣🤣🤣,2024-07-25T09:53:54.000Z
Mereka yang di endorse dapet uang.. netizen yang hujat dapet apa Btw?😂,2024-07-24T13:53:49.000Z
"Ini pasti aal ngakak brutal 😂 i feel you aal, he can be cringe many times. He'll vibrate in your frequency as time goes by 🥰",2024-07-24T12:35:05.000Z
Mirip laki mirip jarwo ga sih,2024-07-26T09:24:34.000Z
Thorik emng ganteng ya?,2024-07-25T04:26:29.000Z
Jarwo terlalu Lebay,2024-07-27T07:36:32.000Z
Banyak Ngehujat Mereka Tapii Rejeki Mereka Makin Lancar Makanya Netizen Jangan  Ngehujat,2024-07-24T18:37:50.000Z
Apalagi udh nikah ya rejekinya seluas apa masyaAllah aamiin 😍🤲🏻,2024-07-24T12:26:45.000Z
Yg dapet duit siapee pakai anak orang lain 😂,2024-07-24T17:32:51.000Z
🤣🤣🤣🤣🤣🤣🤣🤣🤣🤣🤣,2024-07-28T13:58:09.000Z
masyaAllah rejeki calon manten semakim menyala😍,2024-07-24T12:38:25.000Z
Gue senyum2 sendiri liat Aal tersipu malu saat tanganNya dipegang oleh Thoriq 😁,2024-07-28T13:51:03.000Z
"Endorse nya ga main2 boss, bukan basreng atau baso aci. Plis konsep iklan nya jangan ditiru juga ya. Cukup style Aal aja yg ditiru",2024-07-24T14:43:34.000Z
haji toriq @syernsdqyah_,2024-07-26T23:33:46.000Z
Keren Aalthor diendorse BUMN gesss 🤩👏,2024-07-25T00:28:47.000Z
MasyaAllah CPP CPW makin menyala rezekinya 👏🔥🔥😍😍,2024-07-24T12:58:02.000Z
Semoga langgeng kak aliyah,2024-07-26T08:22:57.000Z
jangan lupa anaknya umur 2 bulan d hajiin yaa bro thariq🙌🔥,2024-07-26T11:29:09.000Z
Bule bangettt Al😂,2024-07-26T08:33:03.000Z
"Masya Allah, endorss aja gemeshh 😍",2024-07-24T13:39:55.000Z
Endorsnya gak main² 🔥,2024-07-24T13:32:52.000Z
Bukan bro Thoriq haji Thoriq heheheh,2024-07-26T05:25:04.000Z
Huhuuu cuteee❤️❤️❤️,2024-07-24T12:22:59.000Z
Semoga samawa ya aal thoriq pake BRImo ❤️,2024-07-24T15:17:36.000Z
Masya Alloh Aalthor smoga makin succes dunia achirat❤️❤️❤️❤️,2024-07-24T13:52:20.000Z
Masa Allah TabrakAllah Altor 💙,2024-07-24T12:40:45.000Z
Aalthor❤️❤️,2024-07-24T12:20:45.000Z
Masyaallah rezeki nya ngalir terus aalthor,2024-07-24T12:21:02.000Z
Gasabar liat mereka setelah nikah pasti udh ga malu-malu 😁 skrg pegang tangan msh gimana gtu aalnya 🤣,2024-07-24T12:26:26.000Z
Min cek dm dong,2024-07-25T07:34:22.000Z
"Masya Allah ,, bismillah lancar2 terus rezekinya calon manten 😍",2024-07-24T13:34:56.000Z
ya ampun gua ulang² tetep nyengir² sendiri apa lagi pas thor pegang tangan aal ya allah gemesss aal nya tersipu malu menandakan mereka tuh emang menjaga klo yg udh ngapa²in tu biasanya pegangan tangan diang mah ga bakal tersipu gituu 😍😍,2024-07-24T16:36:58.000Z
🔥🔥🔥🔥🔥🔥🔥,2024-07-24T13:26:29.000Z
MasyaAlloh tabaraqallah 🔥🥰💙,2024-07-25T02:50:42.000Z
"Ameena dan Azura lucu lucu, kalian Aalthor romantiss😍",2024-07-25T09:33:08.000Z
Endorse nya 🔥🔥🔥,2024-07-24T18:14:21.000Z
sambung Doa semoga kalian nanti kalau udh SAH SAMAWA rejekinya makin lancar... aku percaya doa baik akan kembali ke aku,2024-07-24T13:47:28.000Z
Bro thoriq😍rejeki kalian makin deras amin allahuma amin🤲,2024-07-24T13:28:02.000Z
udah suamiable banget 🥰🥰🥰 thoriq,2024-07-24T17:55:34.000Z
Masya Allah. Semua endorse Aal selalu keren. Pasti dilihat sampe habis biss. Bahkan diulang2 ❤️🔥👏,2024-07-24T14:19:16.000Z
Alhamdulilah rezeki aalthoor amin❤️❤️,2024-07-24T14:57:43.000Z
❤️ romantis 😍😍😍,2024-07-24T15:22:22.000Z
Aku smpi ulg ulg liatnya lucu bgt Klin dan gemeees bgt.,2024-07-25T08:13:38.000Z
Masyaallah ❤️,2024-07-24T13:33:41.000Z
Masya Allah 😍😍😍,2024-07-24T13:26:14.000Z
Amin,2024-07-24T12:41:20.000Z
❤️❤️❤️🔥🔥🔥🔥,2024-07-24T14:40:42.000Z
sukses bersama ❤️,2024-07-24T13:39:20.000Z
"Bank BRI saya Mau Pinjam utk Naik Haji, Tempo Melunasi 2 BULAN",2024-07-25T12:08:13.000Z
😍😍🥰🥰,2024-07-24T16:26:07.000Z
Al candu bgt suaranya adem lembut bgt ya ❤️🥰,2024-07-24T17:25:13.000Z
❤️❤️❤️❤️,2024-07-24T16:29:00.000Z
Kenapa ya liat iklan ini sambil senyum senyum 😂,2024-07-24T16:46:37.000Z
Tolongg ini gemess amaattt iklan brimo nya 😍😂,2024-07-24T12:21:31.000Z
"Saya juga pakai brimo, aduh liat iklan gini ko ikut ketawa ketiwi sendiri, lucuuuuu😍😍😍😍",2024-07-24T12:26:58.000Z
MasyaAllah calon manten Rizkix makin ngalir Alhamdulillah ya berkah selalu 🤲,2024-07-24T12:22:06.000Z
Aaaaal capek ya?? Setelah sah sama istirahat ya kak walau aku yakin job kalian rejeki kalian tambah deres tp sama istirahat ...keliatan lelaaah,2024-07-24T13:27:52.000Z
Masya Allah Semoga dilancarkan segala urusan Thoriq dan Aliyah menuju ibadah pernikahan 🤗😇 Wish Allah Blessing,2024-07-24T14:43:05.000Z
Mudah-mudahan @thariqhalilintar punya anak cowok yaa biar bisa ikut Sholat Jumat apalagi kemana-mana huhuhu,2024-07-24T14:39:12.000Z
ya allah kbhagiaan kalian smoga nular k anaku aulya putri q y allah,2024-07-25T01:44:15.000Z
Aku cengar cengir lihat kalian sedekat ituhhhhhh,2024-07-24T14:22:07.000Z
Eh Sama kita bang… Aku juga udah pake BRImo 🥰,2024-07-24T14:39:28.000Z
Jadi pengen coba pake BRImo😍,2024-07-24T13:37:41.000Z
Gasss,2024-07-24T13:25:07.000Z
😍😍😍😍😍❤️❤️❤️❤️,2024-07-24T13:29:14.000Z
Lucu bangettt,2024-07-24T14:22:58.000Z
Keren,2024-07-24T14:55:46.000Z
Aalthor❤️❤️❤️❤️❤️❤️❤️,2024-07-24T12:16:47.000Z
😂😂😂,2024-07-24T12:16:51.000Z
Aaal ❤️🔥,2024-07-24T12:17:03.000Z
😂,2024-07-24T12:17:28.000Z
MasyaAllah rejeki lancar 🔥,2024-07-24T12:17:49.000Z
😍❤️❤️❤️😍😍😍,2024-07-24T12:17:52.000Z
😍😍❤️❤️😂🔥🔥,2024-07-24T12:18:11.000Z
MashaAllah rezekinyaa calon manten mengalir deras ...,2024-07-24T12:18:27.000Z
"masya Allah, aalthor 🩵🩵🩵",2024-07-24T12:18:40.000Z
Smoga smakin sukses ❤️❤️❤️❤️,2024-07-24T12:19:13.000Z
😍😍😍😍,2024-07-24T12:19:22.000Z
Aku pake apk BRImo❤️❤️,2024-07-24T12:19:33.000Z
besttt brimo mudah bgt transaksinya suka bgt,2024-07-24T12:19:33.000Z
Aamiin.. aamiin,2024-07-24T12:19:51.000Z
Lovebirdsss😍,2024-07-24T12:20:11.000Z
"Masya Allah berkah2 calon manten , lancar2 sgl nya 🔥",2024-07-24T12:20:22.000Z
MasyaAllah ❤️,2024-07-24T12:20:40.000Z
Langganan aku brimo udah bertahun tahun,2024-07-24T12:20:41.000Z
😍😍😍😍😍,2024-07-24T12:20:41.000Z
🔥😍😍😍,2024-07-24T12:20:53.000Z
Menyala tabungan aalthor kuu😍🔥,2024-07-24T12:20:56.000Z
LAGI LAGI TORIQ,2024-07-24T12:21:00.000Z
Penguna brimo ✌️😂,2024-07-24T12:21:04.000Z
Oke BA selanjutnya aalthor yak @bankbri_id,2024-07-24T12:21:26.000Z
Brimo emng semudah itu yaa bestt,2024-07-24T12:21:43.000Z
❤️❤️❤️❤️❤️,2024-07-24T12:22:30.000Z
❤️❤️❤️❤️🔥🔥🔥,2024-07-24T12:22:32.000Z
❤️❤️❤️❤️,2024-07-24T12:22:42.000Z
Ok dicoba pake BRImo jugaaa,2024-07-24T12:22:48.000Z
Masyaallah 😍,2024-07-24T12:22:56.000Z
Brimo the best 🔥,2024-07-24T12:23:01.000Z
Menyala🔥🔥 mba Aal dan Bro Thoriq udh 😍😍😍,2024-07-24T12:23:10.000Z
Bismillah insyaallah allahumma barrik 🤍🤲,2024-07-24T12:23:16.000Z
Malah senyum senyum liat nya..ga focus ke iklan nya 😂😂❤️❤️❤️,2024-07-24T12:23:25.000Z
Ke sini gara2 editan haji chonge,2024-07-24T12:23:33.000Z
Aku selalu pakai brimo,2024-07-24T12:23:40.000Z
masyaallah❤️❤️❤️🔥🔥🔥,2024-07-24T12:23:42.000Z
"Saya juga pakai BRI, the best",2024-07-24T12:23:46.000Z
MasyaAllah Tabarakallah berkah selalu AalThor familys💖🤲,2024-07-24T12:23:46.000Z
Luar biasa berkah2 bismillah lancar urusan nya 🚀🚀🚀🚀,2024-07-24T12:23:48.000Z
lancar lancar lancar🔥🔥🔥🔥,2024-07-24T12:23:50.000Z
🔥🔥😍😍😍,2024-07-24T12:23:58.000Z
Ih senenggg liatnya😍,2024-07-24T12:24:01.000Z
❤️,2024-07-24T12:24:24.000Z
😍😍😍,2024-07-24T12:24:26.000Z
Masyaallah gemes😍 punya brimo juga nih samaa karena easy aplikasinya dan amat membantu,2024-07-24T12:24:43.000Z
Aalthor 👏👏🔥🔥😍😍,2024-07-24T12:25:12.000Z
🩵🩵🩵,2024-07-24T12:25:13.000Z
Bru kli ini ad iklan gk gw skippp aa gemesss😍 aalthor,2024-07-24T12:25:19.000Z
Malu aku tu liatnya salting😍😂,2024-07-24T12:25:22.000Z
Maa syaa Allah berkah2 mkn banyak rejekinya calon manten 😍😍,2024-07-24T12:25:27.000Z
😍😍😍,2024-07-24T12:25:27.000Z
❤️❤️❤️❤️❤️,2024-07-24T12:25:30.000Z
Masyaallah makin sukses calon manten kesayangan ....tabarakallah Aalthor,2024-07-24T12:25:36.000Z
😍😍😍😍😍😍😍,2024-07-24T12:25:50.000Z
😍😍😍,2024-07-24T12:26:01.000Z
"Almdulilllah, di julittin di nyir nyirrin di ledek, jd rezeki yg berkah",2024-07-24T12:26:09.000Z
❤️❤️❤️,2024-07-24T12:26:10.000Z
Brimo☝️,2024-07-24T12:26:39.000Z
Aku dan ibuku pengguna brimo 🔥🔥🔥🔥,2024-07-24T12:26:45.000Z
Gemess...,2024-07-24T12:26:45.000Z
❤️❤️,2024-07-24T12:26:49.000Z
Menyalaaa althor,2024-07-24T12:26:55.000Z
Ah ga sabar liat ke uwuan kalian setelah halal🥰🥰🥰🥰,2024-07-24T12:26:57.000Z
Iklan yg ku tonton berulang ulang😍😍gemes bgt,2024-07-24T12:27:40.000Z
"Selalu suka, klo iklan, terkonsep👏👏👏👏🔥🔥🔥🔥",2024-07-24T12:27:55.000Z
Endorse nya berkualitas semua😭😭😭 kan jiwa keirian gua meronta ronta 😔😔,2024-07-24T12:28:03.000Z
❤️❤️❤️❤️🔥🔥🔥🔥,2024-07-24T12:28:12.000Z
Rejeki calon manten lancar jaya 🥰,2024-07-24T12:28:32.000Z
aku malah mrenges dewe😂,2024-07-24T12:28:32.000Z
haji thariqq,2024-07-24T12:28:48.000Z
😂😂 iklan gemes best best  Brimo👏,2024-07-24T12:28:57.000Z
"Mashaa Allah Tabarakallah, lancar2 rejekinya Aal dan Thor 🔥",2024-07-24T12:28:59.000Z
Semoga makin sukses kalian berdua dan BRImo semoga makin banyak yang menggunakan..,2024-07-24T12:29:23.000Z
Kalian lucu bangee❤️❤️😍😍,2024-07-24T12:29:53.000Z
Okelah bro thoriq.. cus follow @bankbri_id,2024-07-24T12:30:21.000Z
MasyaAllah lancar² rezekinya aalthor Aamiin 🤲🏻😍😍,2024-07-24T12:30:22.000Z
Brimo banyak diskon2 yaa apalagi kalo menuju ultah bri,2024-07-24T12:30:47.000Z
Masyaallah rezeki calon manten😍😍😍😍,2024-07-24T12:30:59.000Z
Cuss gue mau coba pakek Brimo ❤️❤️❤️,2024-07-24T12:31:30.000Z
gemmes banget apalagi ada ponakan aunty aal SM ompa 😂🥰♥️❤️ semoga Aalthor makin lancar reskiny Amiin 🤲♥️🥰,2024-07-24T12:31:31.000Z
Brimo juga andalan gue bro Thorik😍,2024-07-24T12:31:37.000Z
❤️❤️,2024-07-24T12:31:43.000Z
masyaAllah sukses terus kalian berdua👏,2024-07-24T12:32:26.000Z
Sweeet❤️,2024-07-24T12:32:36.000Z
Tim BRImo nih☺️,2024-07-24T12:33:09.000Z
gemesss😍,2024-07-24T12:33:43.000Z
😂🙌,2024-07-24T12:33:52.000Z
😍😍😍😍😍😍😍😍,2024-07-24T12:34:00.000Z
"MaaDyaa Allaah , Tabarakallaah",2024-07-24T12:34:31.000Z
🔥🔥🔥🔥🔥,2024-07-24T12:34:53.000Z
😮,2024-07-24T12:35:03.000Z
Ngakakkk🤣🤏🏻😍,2024-07-24T12:35:26.000Z
Ga fokus ke iklannya😭 senyum senyum ajee ini☺️,2024-07-24T12:35:34.000Z
Aduduududuh gemes banget❤️❤️❤️,2024-07-24T12:36:43.000Z
MasyaAllah Rejeki anak²baik mengalir deras.❤️,2024-07-24T12:36:45.000Z
❤️❤️❤️,2024-07-24T12:36:50.000Z
🔥🔥,2024-07-24T12:36:51.000Z
❤️❤️❤️🔥🔥🔥,2024-07-24T12:36:53.000Z
❤️❤️❤️❤️❤️,2024-07-24T12:37:12.000Z
Althor❤️❤️❤️,2024-07-24T12:37:44.000Z
😍😍😍,2024-07-24T12:37:54.000Z
"Seeng jngn lupa ya ka na ama dek azura, bagi honornya, kan ikut jd model nya ompa😂",2024-07-24T12:38:07.000Z
Bahagia selalu,2024-07-24T12:38:32.000Z
Bank ku jg BRI,2024-07-24T12:38:42.000Z
😍😍,2024-07-24T12:39:23.000Z
Masyaallah rezeki calon manten makin menyala 🔥🔥❤️❤️,2024-07-24T12:40:26.000Z
❤️❤️🔥🔥🔥,2024-07-24T12:40:56.000Z
Kakinya aliyah gemeter terus kyk lelaki gitu kebiasaan sdh,2024-07-24T12:41:04.000Z
iklan nya gemess😍,2024-07-24T12:41:16.000Z
Aq juga pakai BRI Britama 😍,2024-07-24T12:41:27.000Z
❤️❤️,2024-07-24T12:41:28.000Z
Masya Allah rejeki semakin lancar bwt kalian berdua 🔥❤️,2024-07-24T12:41:33.000Z
Otw download Brimo ❤️❤️,2024-07-24T12:41:57.000Z
❤️❤️,2024-07-24T12:42:11.000Z
"😂😂 masyaallah,,tolong gemes banget iklan nya,,, TENANG DI SINI ADA BRO THARIQ 😂😂😂😂",2024-07-24T12:43:20.000Z
🔥🔥🔥🔥,2024-07-24T12:46:52.000Z
Mon maap pak kita kebagian nyengir doang inihhhh,2024-07-24T12:46:53.000Z
Gw Sdh pke BRImo ni bro...,2024-07-24T12:47:18.000Z
min tlong cek dm @bankbri_id,2024-07-24T12:47:28.000Z
Aku ga sabar nunggu kalian nikah....kapan....😂😂😍,2024-07-24T12:47:29.000Z
Maa sya Allah,2024-07-24T12:48:15.000Z
Masya Alloh rezeki calon manten 🔥🔥❤️💙,2024-07-24T12:48:19.000Z
Promosi yha ( endors ),2024-07-24T12:49:00.000Z
Thor tatapan mu kek mau nge hap si al😂yg di liatin bibir trs😂,2024-07-24T12:49:09.000Z
Uuwwwuhhh❤️,2024-07-24T12:49:19.000Z
Alhamdulillah rezeki manten & keluarga bahagianya thor nanti ❤️👏,2024-07-24T12:49:20.000Z
💙,2024-07-24T12:50:35.000Z
Aw aw🔥..aura bener bener beda thor sekarang,2024-07-24T12:50:39.000Z
Gemess😍😍😍😍,2024-07-24T12:50:59.000Z
"MasyaAlloh Alhamdulillah rejeki calon manten mengalir deras , semangat seing kerjanya 😍",2024-07-24T12:51:08.000Z
Jadi senyum2 sendiri liatnya,2024-07-24T12:51:12.000Z
"Alhamdulillah AalThor, Happy Ever After yah ❤️",2024-07-24T12:51:47.000Z
Gemes❤️,2024-07-24T12:52:05.000Z
"Apaan ya ini, ngeliat iklan kok ikut senyum2 akutuh😂",2024-07-24T12:52:20.000Z
Rejeki kalian makin deras aamiin🔥,2024-07-24T12:52:41.000Z
❤️,2024-07-24T12:52:55.000Z
lancar terussss ayang ayang akooooh @aaliyah.massaid @thariqhalilintar,2024-07-24T12:54:16.000Z
🔥🔥🔥🔥,2024-07-24T12:54:24.000Z
Kemarin umur 2 bulan naik haji pake BRI- juga ?,2024-07-24T12:55:14.000Z
❤️❤️😍,2024-07-24T12:55:21.000Z
Udah mikirin tabungan haji 🥹,2024-07-24T12:55:24.000Z
Aahhh coocwittt...👏 bisa Ae @thariqhalilintar @aaliyah.massaid,2024-07-24T12:56:19.000Z
Baru Kali ini.iklan gue tonton Lebih dari 15x😁,2024-07-24T12:57:55.000Z
Aku senyum² sendiri didepan kompor😂,2024-07-24T12:58:25.000Z
😂😂😂😍lucu seng,2024-07-24T12:59:17.000Z
😍😍😍😍😍😍😍😍😍😍😍😍,2024-07-24T12:59:31.000Z
Masya Allah,2024-07-24T12:59:34.000Z
"Masya Allah rezeki semakin berlimpah, itulah balasan dari Allah utk mereka sabaarrr krn ulah oknum yg gak jelas ketikannya, althor mang kereennn 🔥❤️",2024-07-24T13:00:28.000Z
Cocok banget mana aal suka biru biru 😂,2024-07-24T13:00:38.000Z
👏👏,2024-07-24T13:00:45.000Z
Wow skrg di gaet bank bri 🙌,2024-07-24T13:01:16.000Z
Q0,2024-07-24T13:02:15.000Z
MasyaAllah❤️❤️❤️,2024-07-24T13:02:51.000Z
"Masyaallah jdi g,sabar nggu aalthor  famliy,SMG makin lancar rizkinya yaa aalthor dan berkah",2024-07-24T13:05:10.000Z
Baru tahu ada tabungan emas,2024-07-24T13:05:53.000Z
Woy apadah gue udah ngeliatin ini video endorsan berapa kali 😂😂😂,2024-07-24T13:06:23.000Z
😍😍😍,2024-07-24T13:06:35.000Z
❤️❤️❤️,2024-07-24T13:06:37.000Z
🔥🔥🔥,2024-07-24T13:06:38.000Z
Masyaallah,2024-07-24T13:06:43.000Z
Udah punya dari dulu,2024-07-24T13:07:28.000Z
Masyaallah tabarakallah kerennnnn 👍👍👍,2024-07-24T13:07:37.000Z
jangan lupa bimbing isterinya ya pak aji. jangan  sampai jauh dari tuhan🤣,2024-07-24T13:07:57.000Z
Saya pakai brimo😍,2024-07-24T13:09:05.000Z
❤️❤️❤️❤️,2024-07-24T13:10:31.000Z
Awawawaw 🥰🥰 gemesssin banget siiiihhh kesayangan akuuuuu 😍😍😍 gak sabar nunggu ponakan onlen 😂❤️,2024-07-24T13:10:46.000Z
@putriiiprmtsr_ @riskalviyola @megaawatiii @git_nnda 😍,2024-07-24T13:11:01.000Z
😢❤️❤️❤️❤️,2024-07-24T13:11:04.000Z
Gw paling suka kalo mrk lg ngiklan. Masyaalloh,2024-07-24T13:11:11.000Z
❤️❤️,2024-07-24T13:11:58.000Z
Senyum sendiri liat mereka berdua🤭,2024-07-24T13:13:24.000Z
🔥🔥🔥🔥🔥🔥🔥🔥❤️❤️❤️aku jg BRImo lo,2024-07-24T13:13:57.000Z
Makin lancar rejeki kalian berdua seng,2024-07-24T13:13:57.000Z
.trus produktif n berkarya trus..bnyk job masuk,2024-07-24T13:14:18.000Z
Cakeup,2024-07-24T13:14:42.000Z
❤️,2024-07-24T13:14:50.000Z
MashaAllah bangthorr 😍😍😍,2024-07-24T13:15:37.000Z
😍😍😍,2024-07-24T13:18:07.000Z
Aal saltingnya lucu banget wkwkwk @aaliyah.massaid,2024-07-24T13:18:09.000Z
👏👏👏,2024-07-24T13:20:53.000Z
Semakin sukses terus❤️❤️,2024-07-24T13:21:07.000Z
😍😍😍,2024-07-24T13:23:27.000Z
Emg seenak itu pakai brimo😍 udh dari lama bgt pake brimo teruss,2024-07-24T13:24:52.000Z
Ga bosen bosen liat iklan nya😍😍,2024-07-24T13:25:05.000Z
😍😍😍,2024-07-24T13:26:36.000Z
🔥🔥🔥,2024-07-24T13:28:29.000Z
❤️❤️❤️,2024-07-24T13:36:46.000Z
😍😍😍,2024-07-24T13:37:03.000Z
kalian berdua ada mirip² sama Benny blanco dan Salena gomez. 👏,2024-07-24T13:37:27.000Z
🔥❤️,2024-07-24T13:39:17.000Z
Putih banget aal 😂,2024-07-24T13:41:29.000Z
"Cowonya kaya uda gak sabar. Liat dr matanya 😍😂.. Klo Aal msh malu2 ,,knp jd cengangas cengengess ye liatnya 🤣😂",2024-07-24T13:42:45.000Z
Ssweet bgt ngga sabar liat hari bahagianya ❤️,2024-07-24T13:42:59.000Z
Lucu bgt gemezzzzz,2024-07-24T13:43:40.000Z
❤️❤️❤️,2024-07-24T13:44:48.000Z
"Lah udah lama pakai brimo aalthor, ok kan",2024-07-24T13:46:17.000Z
🩵🩵,2024-07-24T13:49:00.000Z
Aku juga pake BRImo @bankbri_id kok Seng 😍❤️🔥,2024-07-24T13:51:10.000Z
candu pisan euy iklannya😍,2024-07-24T13:51:37.000Z
Behind the scene nya ditunggu pasti ngakak terus😂😂😂,2024-07-24T13:53:03.000Z
😍😍😍,2024-07-24T13:53:39.000Z
🔥🔥🔥🔥,2024-07-24T13:57:47.000Z
Masya Allah 😍,2024-07-24T13:57:49.000Z
Bahagia slalu,2024-07-24T13:59:44.000Z
❤️🔥🔥,2024-07-24T13:59:57.000Z
😂😂😂😂😂👍👍👍👍🤲🤲🤲😍,2024-07-24T14:00:02.000Z
"Alhamdulillah, walau kami blm pernah bertemu, namun doa saya di kala OMPA HAJI mencairkan kakanda, di hijabah, OMPA HAJI AURA NJNGAN SUPERRR HERO buat ISTRI NANTINYA, Membanggakan UMI ABI GEN HALILINTAR,..aku aja cuma liat sudah tahu sejak OMPA HAJI bersama bunda Asyanti AURA BENING  sblm kakanda nikah.Sungguh mulia hati OMPA HAJI , setelah mendekati nikah PAMOR tambah BERCAGHAYA🤲💙💙",2024-07-24T14:01:04.000Z
🔥🔥🔥❤️❤️,2024-07-24T14:10:07.000Z
Tabungan haji nya dua bulan aja gaaag,2024-07-24T14:10:12.000Z
💙💙💙💙,2024-07-24T14:11:24.000Z
Adduhh gemash Bangett aaliyahh ihh kayak malu malu kucing manjah gitulo ... Bang Thorrr Tolong banget jangain Aaliyah Baik Baik😍🥰❤️❤️,2024-07-24T14:12:38.000Z
Vlog tiap hri ya kk....hbs nikah,2024-07-24T14:16:25.000Z
klw cwo mirip jarwoooo klw cwe kek lebr😂😂,2024-07-24T14:20:59.000Z
"Endorsenyaa kereenn😍💙senyum "" trusss liat couple goals ini😍😍",2024-07-24T14:22:30.000Z
😍😍😍,2024-07-24T14:29:35.000Z
😍😍😍😍😍,2024-07-24T14:32:47.000Z
Ompa oyikk n Unty Aal 🔥🔥😍😍,2024-07-24T14:33:00.000Z
Otw  pakek BRImo 🥰🥰🥰🥰🥰,2024-07-24T14:41:38.000Z
Menyala althor,2024-07-24T14:41:51.000Z
Masha Allah,2024-07-24T14:44:16.000Z
"BRImo , aalthor❤️❤️❤️",2024-07-24T14:47:58.000Z
siala ballisiku lht mukamu thoriq🤣,2024-07-24T14:54:07.000Z
Kenapa mba aal sgt kalem sekali Dy klo pny anak nanti type ga bs marah 😂,2024-07-24T15:00:14.000Z
Ameena dan azzura 🥰,2024-07-24T15:00:50.000Z
🥰,2024-07-24T15:04:47.000Z
🔥🔥🔥🔥🔥,2024-07-24T15:11:33.000Z
👏👏🔥🔥💖💚,2024-07-24T15:12:18.000Z
❤️❤️❤️❤️❤️❤️❤️,2024-07-24T15:23:32.000Z
🔥🔥🔥🔥🔥🔥🔥,2024-07-24T15:23:37.000Z
🥰🥰🥰🥰🥰🥰🥰,2024-07-24T15:23:42.000Z
MasyaAllah teruss dah klo liat kalian🥰🥰,2024-07-24T15:27:24.000Z
Vlogx mn nih,2024-07-24T15:29:26.000Z
"kirain bakal bilang ""eits eits tenang aja disini ada JARWO""",2024-07-24T15:31:47.000Z
Kosikin🤣🤣🤣,2024-07-24T15:34:16.000Z
Di tunggu lho ntr anaknya .pasti selucu dan Segemoy Kaka na dan zuya❤️,2024-07-24T15:39:19.000Z
Cm iklan aal yg ga aku skip,2024-07-24T15:45:21.000Z
MasyaAllah ❤️❤️❤️,2024-07-24T15:47:15.000Z
Makin keren althorku,2024-07-24T15:47:43.000Z
Gaya dudukmu Thoriq 😭🤣,2024-07-24T15:53:12.000Z
Ya aal masih malu malu.....nanti kalau dah nikah .. bar bar ya Aal. ..😂😂,2024-07-24T15:59:11.000Z
Tatapan thor kek gemes bngt sm aal🤣,2024-07-24T16:00:52.000Z
❤️‍🔥❤️‍🔥,2024-07-24T16:13:29.000Z
❤️❤️❤️❤️,2024-07-24T16:22:26.000Z
Sabaar bang sabar. bentr lagi kok 😂,2024-07-24T16:23:23.000Z
aaah gemessssss ❤️❤️❤️,2024-07-24T16:31:00.000Z
💙💙,2024-07-24T16:50:56.000Z
Mantep banget❤️🥰,2024-07-24T16:57:06.000Z
BRImo memang mantep banget ❤️😍,2024-07-24T16:59:37.000Z
BRImo memang serba bisa sih😍,2024-07-24T17:18:42.000Z
Jijayy bangett.... Nggak capek apa fakeee.... Aslinya kan badass😂😂😂,2024-07-24T18:19:28.000Z
Lucukkk 😍😍😍,2024-07-24T18:36:25.000Z
🥰🥰,2024-07-24T18:57:38.000Z
Otw cek Brimo dari BRI 😍,2024-07-24T19:07:08.000Z
Aku kira mayang anaknya dody sudrajat. Mirip bgt ya. Apa sodaraan?,2024-07-24T19:09:42.000Z
❤️❤️❤️,2024-07-24T19:29:08.000Z
"diam kau thoriq lu ga ganteng, tapi kelebihan lu, lu udah haji umur 1 hari.",2024-07-24T21:18:13.000Z
Semoga bnyk yg endors berdua soalnya GK bosen melihat nya asli klo kalian 2 endors q non skip mlah puter berulang ulang 😂,2024-07-24T22:11:12.000Z
😍😍😍😍,2024-07-24T22:24:00.000Z
Iklan BRIMo terkeren sepanjang Masa ❤️💙🥰😍,2024-07-24T22:43:01.000Z
disini ada bro thoriq 🤣🤙🏻,2024-07-24T23:02:17.000Z
Thorik kek mau nerkam gitu si all senyum2 kaya takut ..lucu bgt kalian💙💙💙💙💙😂😂😂,2024-07-24T23:22:41.000Z
2 bln udah jdi haji,2024-07-24T23:24:27.000Z
"Tapi yg harus di siapkan menikah itu pasangan yg sama "" paham agama ,Sunnah Rasulullah,itu yg paling penting, yg lebih penting ,dan yg paling penting, kalo ngk , cakep,harta tahta, semua akan menjadi malapetaka nanti nya, naudhubillah mindzalik",2024-07-24T23:40:26.000Z
Rambutnya ky ultraman,2024-07-24T23:42:46.000Z
Kan udah pengajian sama siaraman jadi hari H nya kapan bang? Hehehe,2024-07-24T23:47:17.000Z
Emang Brimo terbaik🔥🔥🔥🔥😍😍,2024-07-24T23:56:25.000Z
Kereenn,2024-07-25T00:09:35.000Z
🤣🤣,2024-07-25T00:09:50.000Z
"It kulit bening amaaatttt, smoga nular bening dn bahagianya😂,, amiiin",2024-07-25T00:14:43.000Z
Kenapa Aaliyah mata kusam tua pakaian suntik cantik kw,2024-07-25T00:20:56.000Z
Endorse paling slay dan dan lemah lembut inimah love bgt kalian berdua❤️🥰,2024-07-25T00:22:07.000Z
🤣,2024-07-25T00:28:09.000Z
"Kalo punya anak cowok beso kayaknya mukanya kebule""an mirip aal",2024-07-25T00:49:47.000Z
❤️❤️❤️,2024-07-25T01:09:51.000Z
Gitu ya calon manten❤️💙,2024-07-25T01:18:55.000Z
❤️❤️❤️,2024-07-25T01:36:32.000Z
Alhtor kesayanganku bahagia selalu Kelian berdua 🥰🥰♥️♥️♥️♥️♥️♥️,2024-07-25T01:38:06.000Z
❤️❤️❤️,2024-07-25T01:38:12.000Z
"sy percaya Thoriq itu orangnya baik bangettttt dari kecil selalu mengayomi adik-adiknya, tempat ternyaman curhat semua adik-adiknya 👍🏻👍🏻",2024-07-25T01:45:00.000Z
Apalagi ke Pasangan dan anaknya nanti ?,2024-07-25T01:45:31.000Z
Keren ini couple💙💙💙,2024-07-25T01:46:09.000Z
MasyaAllah AalThior makin bahagia  makin sukses dan  makin berkah...aamiin yra 😍❤,2024-07-25T01:55:53.000Z
Thor aal BRI skrng sdh banyak tipuan😢,2024-07-25T01:58:14.000Z
oke dehhh....❤️❤️😂😍,2024-07-25T02:03:53.000Z
Rupa dan bentuk nya blum ada tapi Uda ada tabungan... 😂,2024-07-25T02:05:17.000Z
H toriq duduknya slayy,2024-07-25T02:12:48.000Z
Inget kata bpk lo belum mukheimnya di larang bersentuhan tangan.😂,2024-07-25T02:16:38.000Z
MashaAllah.. ❤️,2024-07-25T02:18:06.000Z
Thoriq...aku salah satu nasabahnya.. 😂,2024-07-25T02:27:48.000Z
😍🥰😘👍🏼👌🏼,2024-07-25T02:29:56.000Z
MasyaAllah rezekinya makin lancar alhamdulillah,2024-07-25T02:32:34.000Z
"GW SUKA BANGET IKLAN2 MEREKA,APALAGI AAL,IKLAN2 NYA MIRIP DI TV2",2024-07-25T02:39:40.000Z
Menye.. Menye...,2024-07-25T02:43:34.000Z
Rusak lo mata orang kalau si Thoriq itu gagah,2024-07-25T02:44:11.000Z
🤣🤣🤣,2024-07-25T03:11:39.000Z
Eeeeee jarwooooooo hahahahahah pede banget blg ganteng,2024-07-25T03:16:11.000Z
❤️❤️❤️,2024-07-25T03:30:16.000Z
😂😂😂mantppp,2024-07-25T03:44:34.000Z
Si kalem aal sm bang thor yg lucu cucok 😂😂,2024-07-25T03:46:59.000Z
Maasyaa Allaahh dibalik hujatan banyak endorse yang mengalir,2024-07-25T03:48:49.000Z
😍❤️❤️❤️,2024-07-25T03:51:04.000Z
Widihhhh adem bangett liat nya,2024-07-25T03:54:17.000Z
Masyaallah rejikki nya makin lancar.,2024-07-25T04:07:02.000Z
🤣🤣🤣🤣,2024-07-25T04:13:55.000Z
Ya ampun kok gemesss bahas anak 💙💙💙,2024-07-25T04:26:53.000Z
🥰🔥🔥🔥,2024-07-25T04:44:18.000Z
Amin Ya Robal Almin,2024-07-25T04:44:34.000Z
💙,2024-07-25T04:44:55.000Z
"Seneng liat iklan nya,brp x di puter GK bosan2 ya😍😍😍😍",2024-07-25T04:47:46.000Z
🤣🤣🤣🤣,2024-07-25T05:04:58.000Z
""" Anak kita "" Uuuu gemeesss❤️",2024-07-25T05:04:59.000Z
♥️♥️♥️♥️💖💖,2024-07-25T05:31:20.000Z
Aal lembut bangeeet❤️suaranya masyaallah,2024-07-25T05:57:56.000Z
Eet tenang ada bang haji @thariqhalilintar,2024-07-25T06:01:08.000Z
Aliyah Cantik postur tubuh tinggi kulit putih bersih.. .,2024-07-25T06:05:14.000Z
BRImo serba bisa banget sih 💙,2024-07-25T06:05:34.000Z
Aal masih salting 🤣💙,2024-07-25T06:14:52.000Z
Udah nikah blm si ini orang!,2024-07-25T06:26:42.000Z
"Yg ngelike dikit amat pdhl followers nya banyak, tumben dilihatin biasanya gk diliatin yg nge like",2024-07-25T06:55:06.000Z
Lah kirain tenang” aja sini ada “ haji thoriq “ 🤭🤭🤭🤭,2024-07-25T06:56:48.000Z
BRImo sekeren itu sampe bantu rencanain keuangan keluarga 💙,2024-07-25T06:57:41.000Z
"Umur 22, muka 42🤣",2024-07-25T07:00:00.000Z
Ko guwe cengengesan sendiri,2024-07-25T07:11:32.000Z
KALO UDAH PUNYA ANAK 1 BULAN HARUS HAJI BANG BIAR MENANG DARI PAPA NYA,2024-07-25T07:12:48.000Z
Papa nya 2 bulan udah haji anaknya 1 bulan dong 🔥,2024-07-25T07:13:20.000Z
Brimo membantu plan keuangan jadi lebih terarah 😍,2024-07-25T07:36:04.000Z
❤️❤️❤️❤️,2024-07-25T07:50:22.000Z
❤️❤️❤️,2024-07-25T07:50:30.000Z
Haji thoriq,2024-07-25T08:11:14.000Z
Althor klu udh nikah yg mesra dong kan nanti udh halal,2024-07-25T08:12:06.000Z
Alya putihbgt.smpi tgn thorik Kya numpg gitu.bahagia selalu buat Alya dan thorik.,2024-07-25T08:12:54.000Z
💙💙💙💙💙💙💙💙💙💙,2024-07-25T08:23:34.000Z
BRImo serba bisa banget 💙,2024-07-25T08:29:43.000Z
Tabungan BRI memang pas untuk atur rencana keuangan masa depan 💙,2024-07-25T09:04:07.000Z
Dih,2024-07-25T09:09:45.000Z
❤️😍,2024-07-25T09:23:55.000Z
Enakan nabung emas di Dana apa brimo ya? Sejauh ini ga pernah pake bri lagi sejak susah debitnya 15thn yll jd trauma pake bri😂,2024-07-25T09:35:11.000Z
"Brimo memang keren, aku jg pake, dr segi pemasukan dan pengeluaran, semuax jelas",2024-07-25T09:54:15.000Z
Anaknya pasti rambutnya kribo 😂,2024-07-25T09:58:40.000Z
Keren BRImo serba bisa banget 😍💙,2024-07-25T10:14:29.000Z
💙💙💙,2024-07-25T10:39:17.000Z
Rencana tabungan masa depan memang paling pas pakai BRImo 💙,2024-07-25T10:53:32.000Z
😍,2024-07-25T10:59:49.000Z
MashaALLAH tabarakaALLAH 🤲💙💙,2024-07-25T11:08:39.000Z
🙏🙏🙏,2024-07-25T11:11:47.000Z
Waah mantep bangeet bro thor udah rencanain pake tabungan rencana BRItma 🥰,2024-07-25T11:17:46.000Z
Bro thor mantap nih rencanain keuangannya pake BRImo 💙,2024-07-25T11:37:46.000Z
Seret bngt Alia ngmng,2024-07-25T11:50:36.000Z
"BRImo serba bisa ya bisa buat nabung emas, bisa tabungan rencana, best banget deh 😍💙",2024-07-25T12:07:13.000Z
🖕,2024-07-25T12:13:07.000Z
Iklannya diulang ulang terus ga bosen😍,2024-07-25T12:28:47.000Z
Masya Allah semoga rejeki makin lancar bagai air mngalir deras buat aalthor amiin,2024-07-25T12:31:02.000Z
Jam brpa mulai bsok akadnya yhor thor,2024-07-25T12:32:15.000Z
"Mon maaf kt tau kalean ini udh mau merit tp boleh donk kalean ada privasi sedikit menjelang hari pernikahan. Bukannya ga suka tp selain menghindari dosa krna trlalu intim, juga menghindari fitnah org². Ada juga namanya Ain paham kan haji thoriq? Ya ga gimana² sih cuma kan takutnya trjadi hal² yg tdk diinginkan. Ujian sblm pernikahan itu byk. Tp yah sudahlah diterima alhamdulillah ini nasehat ga diterima ya itu pertanggungjawaban ke Allah kalian yg nanggung yaa. Kami cukup menasehati sj.",2024-07-25T12:32:15.000Z
Haji thoriq,2024-07-25T12:33:48.000Z
Muntah sihh aku dengar in...hensemlh sngt...kuceng ku hnsem lagi haaaaaaa,2024-07-25T13:01:41.000Z
BRI feat aaLThor 😍,2024-07-25T13:09:55.000Z
@yamiiranaa bri dongg 🤣🤣🤣,2024-07-25T13:20:35.000Z
😍😍,2024-07-25T13:27:11.000Z
🥰🥰🥰🔥🔥🔥🔥,2024-07-25T14:03:55.000Z
Sama aja sombongnya,2024-07-25T14:15:00.000Z
❤️❤️❤️❤️,2024-07-25T14:15:23.000Z
🥰,2024-07-25T14:33:33.000Z
Ga sabar liat mereka menikah pingin ngeliat mereka yg lucu2 pasti tambah bahagia😍😍,2024-07-25T14:54:38.000Z
Couple goals💙,2024-07-25T15:48:20.000Z
🙊,2024-07-25T17:18:42.000Z
Pak haji 2bulan,2024-07-25T20:37:23.000Z
"Yg harus direncanain itu untuk keluarga adalah agamanya, jangan cuma bicara saja yg sok agama tapi prakteknya beda. Siapkan keluarga untuk bisa beramal menurut agama yg benar. Bisa ngaji ,baca qur'an dan mengamalkan solat dg benar, sodaqoh banyak jg ga berarti jika tak solat. Karena solat itu yg pertama dihisab nanti di yaumil akhir. Persiapkan agamanya baru duniawinya.",2024-07-25T20:47:41.000Z
"Blm menikah SDH kliatan Skali bpk2nya si Torik.. klu atta SDH 2 anakx tp GK kliatan bpk2, hebat memang si atta awet mudax.👏",2024-07-25T22:02:22.000Z
MasyaAllah,2024-07-26T00:38:55.000Z
Susu kopi 🤣😍😍gwsh pk gula..takut diabets🤣🤣smg rukun smp akhir hyat😍,2024-07-26T00:39:34.000Z
💙💙💙,2024-07-26T00:59:47.000Z
Minimal haji ya haji😂,2024-07-26T01:05:41.000Z
"Menyampah nye..itupun dihebohkan..klu mandul pdm muka, trus cerai",2024-07-26T01:49:06.000Z
Britama rencana emang paling best untuk keperluan masa depan🥰,2024-07-26T04:24:36.000Z
💙💙❤️❤️❤️💙💙,2024-07-26T04:39:43.000Z
😍😍😍🥰🥰🥰,2024-07-26T04:39:47.000Z
"""Kalo ganteng mirip ak""😮",2024-07-26T04:47:09.000Z
"Tunggu kiris, tinggi kiris....",2024-07-26T04:59:30.000Z
BRITAMA rencana emangg bestt sih.💙,2024-07-26T05:11:31.000Z
Aku ngakak 🤣 so sweet tapi ngakak 😂❤️,2024-07-26T05:17:43.000Z
aq udah ada brimo💙💙💙🥰🥰,2024-07-26T05:33:42.000Z
💙💙💙,2024-07-26T05:39:44.000Z
"MasyaAllah bersih Aaliyah ya mulus sehat kulitnya, pinter banget Pak Haji Thoriq, love u both",2024-07-26T05:44:03.000Z
Wajah Aliyah kok boros banget yak😂,2024-07-26T06:14:45.000Z
Knp harus bhs haji lagii😭,2024-07-26T06:28:14.000Z
Menang merekanya cakepnya g ada semua😂,2024-07-26T09:16:20.000Z
😁😄🤭,2024-07-26T10:29:23.000Z
Lebar juga dong?,2024-07-26T13:00:40.000Z
Haji thoriq 2bulan,2024-07-26T14:01:48.000Z
Biaya haji anaknya mantapppp realistis,2024-07-26T14:28:54.000Z
Emang calon anaknya udah haji?,2024-07-26T15:23:35.000Z
Keren bgt km al❤️,2024-07-26T16:10:50.000Z
🤣🤣,2024-07-26T16:30:51.000Z
Intinya hajinya jgn pas umur 2 bulan mending pas udh balig 🗿,2024-07-26T16:39:08.000Z
❤️❤️❤️,2024-07-26T18:06:31.000Z
Ganteng kalo dilihat dari jarak 1000km wkwk,2024-07-26T19:35:12.000Z
Dr semua iklan Thor yg pernah aku liat. Ini yg paling nge info 😅. Soal ny aku punya BRI mudah2an bisa nabung,2024-07-26T22:37:38.000Z
🔥🔥🔥 menyalaaaa abangku,2024-07-26T23:50:53.000Z
Haji Thoriq 😅,2024-07-27T00:25:42.000Z
Kalo gantong mirip jarwo yg menya menye,2024-07-27T02:22:27.000Z
Aliyah ko mau sih sama jarwo bisanya cuma ngonten aja gitu,2024-07-27T02:23:34.000Z
Tenang aja aal Thor udah haji 2 bulan,2024-07-27T02:27:10.000Z
Yaaa yaa in ajah dah 🤣🤣,2024-07-27T03:15:36.000Z
Enak jadi orang kaya apa2 gampang,2024-07-27T03:17:53.000Z
Al disini mirip luna maya,2024-07-27T05:00:24.000Z
Pak haji kok pake kalung?,2024-07-27T06:55:58.000Z
Udah ada brimo sejak umur 2bulan🤣,2024-07-27T06:59:53.000Z
Bang jarwo ayok syuting udah ditunggu anak anak🤣,2024-07-27T07:48:51.000Z
Kuci kebahagiaan adalah uang uang uang dan uang,2024-07-27T16:02:33.000Z
MashaAllah menyala selamanya 🥰🥰🥰🥰♥️♥️♥️♥️♥️♥️,2024-07-27T19:19:27.000Z
Eits tenang aja. Dsni ada haji thoriq,2024-07-28T03:41:22.000Z
Eits tenang aja seng ada haji thoriq🤣,2024-07-28T06:13:35.000Z
"semenjak mereka nikah gua pantengin ig mrk berdua, ada update an baru gak wkwkwk",2024-07-28T15:11:25.000Z
Bening amat lo aal...❤️❤️❤️🥰🥰🥰🥰,2024-07-28T22:01:32.000Z
"bayi online gue nambah lgi nih, ada abe, ritsuki, kamari, ank y ka densu, skrg ank y ka aal nntu😭😭😭😭",2024-07-29T00:42:17.000Z
BRImo memang mudah dan serba bisa💙,2024-07-29T04:19:56.000Z
untung pakai BRImo yg apa aja bisa,2024-07-29T04:23:18.000Z
Thoriq 2 bulan udah pakai BRImo 😱,2024-07-29T04:25:53.000Z
BRImo memang mudah dan sangat bisa diandalkan,2024-07-29T04:28:54.000Z
BRImo sangat bisa diandalkan,2024-07-29T04:31:21.000Z
bang Thariq aja pakai brimo😍,2024-07-29T04:34:26.000Z
BRImo terbukti membantu dan mempermudah akses,2024-07-29T04:38:05.000Z
Brimo memang sangat membantu dan mempermudah,2024-07-29T04:40:55.000Z
Lucu🔥,2024-07-29T05:12:34.000Z
💙💙,2024-07-29T05:13:25.000Z
brimo memang serba bisa😍,2024-07-29T06:31:12.000Z
mantap banget pakai BRImo,2024-07-29T06:33:32.000Z
"THAYANG=THariq AaliYah sayaNG
💘💘💘💘💘💘💘💘💘💘💘💘💙❤️💙💙❤️❤️💙❤️💙❤️💙❤️💙❤️💙❤️💙❤️💙",2024-07-29T13:13:02.000Z
Emang cocok sih Abang Thoriq jadi pelawak🤣,2024-07-30T03:11:02.000Z
😍😍,2024-07-30T13:17:28.000Z
Ana juga Nasabah BRI sejak dahulu kala pak haji Thoriq @thariqhalilintar 😍 mau donk hadiah umroh nya pak haji 2 bulan 🕋🙏😍,2024-07-31T04:18:20.000Z
Pret,2024-07-31T07:54:13.000Z
Kalau mirip bpk nya mulut nya besar,2024-07-31T23:54:49.000Z
❤️❤️❤️❤️❤️abang thor lucu.kapan mau masak setiap hari pasti lihat update pasangan baru .❤️❤️❤️❤️❤️❤️❤️,2024-08-01T01:42:16.000Z
Emanng toriq ganteng ???????😂😂😂,2024-08-01T09:16:15.000Z
😂😂😂😂,2024-08-01T14:10:51.000Z
Kalo cowok mirip haji toriq,2024-08-01T15:47:49.000Z
🤣,2024-08-02T09:52:02.000Z
💙💙💙😂,2024-08-03T09:05:50.000Z
Brimo emang bestt🥰,2024-08-03T15:11:42.000Z
mantap sekali nih,2024-08-05T06:14:01.000Z
keren banget,2024-08-05T06:14:49.000Z
luar biasa sekali deh,2024-08-05T06:15:08.000Z
😍,2024-10-23T20:34:11.000Z
bang tanda lahir dikuping lu sama kek gua bang😭,
menawan selalu,
siapa yang lupa pesen tiket?,
kereeeeen kak @adriankhalif pake BRImo juga🥰 samaan donk🙌,
😍😍,
t shirt nya keren 🤝😂,
merch nya siapa dulu 😎,
cakep poll ni bapak-bapak 😭,
makin kereeeen,
Mr menawan🔥,
Alhamdulilah bisa ya..sering ketinggalan,
@andrian khlif ganteng bgt kemaren di sby,
🥰,
😍😍,
Bener2 menawan,
pake brimo mah dah dari duluu,
bosen,
suara di lagu ama suara ngomong ko beda yaa ekwkw,
😭😭,
slayyy 💅,
Slayyy,
Gemmass 🥰,
kesini cuma buat liat komen nya😭😭,
aliyah apa kamu ga kesel nunguin dia bangun😂,
agak slay ya💅🏻,
sabar ya bang🥰 semoga lekas bisa berdiri,
duduknya thoriq 😭,
Spil obat nya pak haji 🙏🏻😭,
tor klarifikasi gaa👊😭,
beneran gabisa berdiri ?😭,
"""BRO THORIQ""😭😭",
spill obat nya ji 🫵,
Aduh jadi mampir kesini kan gua😂,
bang Thoriq kalo punya anak mau jadi haji 2 bulan juga?,
aal kesiksa ga ya susah berdiri nya😭,
Ji beneran ji?,
Kalo ganteng mirip siapa tadi😫,
Pa haji apa betul gabisa jd alif?😭🙏🏻,
"pak haji, gw masih kaget.. masa gabisa berdiri",
Yang sabar bang,
"semua ikut keseret kasus ny anj🗿, btw ppake obat apa",
gk penting durasi yg penting tu hidup ya gk sih?,
"""pantes waktu hany moon al cemberut trs "" yta💔",
pak Haji yng di x bener ga lu dibilang ga bisa berdiri,
gabisa apa riq😭,
kasian alliyah😭🤣 btw dah bangun belomm,
ji coba berdiri,
Aalthor🥰🥰🥰🥰,
aq suka biru2❤,
keturunan nya gmn ya nnti😂,
2 bulan dah haji🤪,
kok di pencarian ku yang bilang Thoriq gak bisa berdiri apa maksudnya aku gak ngerti,
"aku gegara pke brimo, krtu atm ku cuekin smpe expired.narik duit d atm pun pke brimo.ga ada lg atm d dompetku😅",
smoga smakin lancar rejekinya sukses slalu kalian dan bahagia terus🥰🥰🥰🥰,
aal pliss klarifikasi 😭😂,
pantes pas honeymon aliya mukanya kecewa trs😔😭,
pa haji biasa pake obat apa biar gmpng berdiri?😭😭😭,
ya mirip mereka dulu sebelum kenal skincare 😁,
berarti anak atta sama Aurel gk mirip mereka ya😂 karna udh kenal skincare 😂😂,
Rambutnya kek Aal,
Kaya raya keturunan nya mah,
bkn nya ga hidup ya😂😂😂,
🗿🗿,
aku bacanya pakai nada bunda corla 😭,
Belok mksd ny kk,
maksudnya kakinya abis kesleo🙏🏻,
"lama gak berdiri"" kak 🥰",
Tp belanja jg makin2😩😩😩😩,
Sama kk lebih gampang yah,
"slama masi bisa d gunain aman2 aja😁
awet brarti kartunya ga rusak2😁
kalo saya 2x ganti. pas hilang sama pas yg harus ada chip nya",
"klo GK gnti bermsalah GK kk ?,coz punya qu udh 5 THNan lebih GK ganti,tpi masih bisa di gunain",
per 5tahun gantinya,
"tpi ATM BRI qu udh lama GK gnti²,di perbarui jg ngk,tpi alhmdllh masih bisa buat tarik tunai di atm",
"ada
tulisannya angka bulan/tahun.",
srius nnya mng krtu ATM ada expired nya ?,
"😅dikit2 qris
blanja g ada uang cash,ada qris😅
los jeblos 😅",
😅😅saking mudahnya jadi kebablasan ya😅,
"beli tiket psawat aja bisa d brimo,dah krjasama dngan travelokaa
1aplikasi bisa buat kprluan pmbayaran ini itu anu😍",
apalagi almat daerahku udah bisa byar pdam lewat brimo🥰,
ig story aal. fanbase aalthor di tiktok juga banyak yang upload,
udah rame yang posting aal klarifikasi. cek makanya,
dimanaaa? di aku ga ada muncul,
Aamiin🤲🤲,
Aamiin🤲🤲,
AMIN,
gue yang nontonin vlognya sampe mereka pulang ketawa liat komen lu.,
seharian ngilang ya bedua😌🥲,
"jii, obatnya kuat brpa lama",
haji lah masa iya broo,
Ayah ny haji thoriq.. Anak nya haji thormen 😂😂,
ganteg dari sono nya😭🤣,
hj lah yakali broo,
Ank nya besok 1 hari Udh haji🤣🤣🤣🤣🤣🤣,
mau di ajarin diri ga bang,
ktny keHACK acc nyaa,
SAMAWA till Jannah aalthor 😍🫰,
suami istri romantis bgt 👍❤️🤭,
Alhamdulillah....lah elu 2 bln diajak ibadah haji gak cil 🤪,
pertanyaan nya Lo bs jg GK 😏,
tpi punyaku bisa berdiri wlee🫵🏻,
😂🤣😂😂🤣🤣😂😂🤣,
gak ada duit,
🗿🗿,
ya alhamdulillah lah..dia seberuntung itu hidupnya..,
katavt sblah ssah bngun😂😂,
pengen bangun tapi gabisa bangun😭😭😭,
hajiii torekkkk,
kan gue jadi inget sesuatu😭,
Thoriq lu bisa berdiri kan tor😭,
ngga bisa berdiri ji?,
itu yang bilang thoriq ga berdiri dia emang lagi duduk loh dsna,
uda bisa berdiri ga😭,
cepet ristok obatnya takut so out 😭,
thorr itu serius gbsa berdirii?😭😭😭,
"ngomong"" soal anak umi jd ingettt..............",
yang sabar ye jadi kena juga🤣,
salam dari Sabah Malaysia Kak,
WOI KOMENNYAA WKWKKW😭😭,
Masyallah cantik banget 🥰🥰🥰,
pasangan serasi🥰,
Cantik bnget aal,
Thariq 2 BULAN UDAH HAJII,
"sabar bang, namanya juga hidup, ya kalo ga kebawa bawa masalah ya ga bisa berdiri🗿",
cantiknya aal 🥰,
spill obatnyaa laa 😜👊🏻,
MasyaAllah Aalthor ♥️,
semangat menuju Brimo💙,
kalian y bikin aku bolak balik IG dan tt🥰,
sukses selalu bang toriq dan Aal💙💙,
"masyaAllah sllu bahagia buat semua
Aa💙❤️😇",
nnti klo cwe ank nya mirip mayang,
MasyaAllah pasutri🥰🥰,
baru aja kemaren viral sekarang viral lagi 😭,
Kesni dari X cuman mau liat komen,
Ini serius dia bilang calon suami? bukannya udh suami,
"bang thor,,jngn lupa 2 bulan bawa bayi nya haji",
tenang aja Aliya ada pak haji thoriq,
nanti anak toriq umur 1 hari udh naik haji ya🙏😂,
sudah ku duga komenannya🤭,
pasutri 😍,
bntr lagi otw pake hijab ya al,
emang boleh cowo duduk nya kaya gitu 😂,
seru liat iklannya,
ekspresi nya Thor ik bikin ngusap perut 😔,
"aal semenjak nikah makin terpancar auranya, MasyaAllah",
sabar bang semoga cepat berdiri ya🙏,
Kalung toriq😭,
tim BRImo dari dulu nih🙏,
Buat anaknya Aalthor♥️,
😞😞😞,
😂,
🤣🤣🤣🤭🤭🤭🤭,
😭😭😭😭,
"ya ampun komennya,😅",
"BIAYA ""HAJI"" NYA NANTI penuh penekanan ya pa aji🤣😭",
semangat ya all buat berdiriinya,
tor please berita itu gak bener kan...please klarifikasi tor please 😭😭,
Emangg. Cantikkk. Mirip. Mayanggggh,
pas bilang Ganteng expresi nya😏🤭,
Itu aliyah tahan nafas depan thorik keknya🤣,
bg beneran g bisa bgun?,
salfok sama cara duduknya hj Thariq 😫,
iya ji iya,
hmmm cukup dalm hati aja 😁🤭🤭,
dari dulu aku pake brimo emang sesuka ituu ga ribet samsek🥰,
emg bnr ya thoriq susah berdiri😭,
Pake kalung kaya gt😭,
siap pak haji bahagia selalu 😇,
pertama 😆,
bewok nya tumbuh lagi pak haji 🤭,
masa Allah 🥰🥰,
skrg kek pak haji aja yg mencintai sendiri,
gercep ye warga warga😭,
jangan lupa untuk Athena ulta dr richad tgl19 Agustus keluarin produk baruuu buruan!!,
hj thoriq🗿,
"Masha Allah
Masha Allah....Keren amat 🥰🥰🥰",
gaiso ngadek a jii😭😭😭😭😭,
komennyaaaa😭😭😭😭😭😭😭😭😭😭😭😭,
amiin ya rabbal alamiin...,
"cape ngga sii nungguin ngga bangun2,,,",
ya Allah 😂😂,
"kapok pake BRI, ga lagi"" dah😃",
"al udah ga bucin lagi ya,beda pas blm nikah dulu kelihatan bucin banget",
alah alah kemayunee 😭😭,
hayyy cinnn 😂😂😂😂,
pake merk obat ap bng?,
aku gaikut ikut ya torr😭,
aliyah jgn sedih ya ..😂🥹,
🥰🥰🥰🥰🥰🥰🥰 bismillah ikut ah nabung aku kaya aalthor❤️❤️❤️,
assalamu'alaikum pak haji,
kapan punya dede??,
Masih muda sudah perjuangan hidup🤭 berjuang dulu baru hidup😭😭,
Pak ajii apa bner beritanya,
jangan lupa baru lahir anknya naik haji biar kya bapknya😫,
kaya nya harus pake pengerus pondok pesantren biar cepet bangun,
anjir komenan nya😭🤣,
"pliss, Klain bantu ksh berdiri 😭😭",
Lihat toriq malah ingat rozi,
jgn lupa ya... anaknya kalau udah dua blg kash naik hj...😂😂😂,
Inget ss an😭,
kok bro Thoriq sih seharusnya haji thoriq🙏😭🤣,
Kalung nya pliss😭,
Kok cantik duduknya thoriq,
opo²an iki nek pencarian ku chatan thoriq ngga bisa berdiri🗿,
lu duduknya gitu rik ikutan si aliyah🤣,
Torik pass Lihat ke Alya . oMG bibirnya 🤣,
Thoriq ganteng 😁,
tutor berdiri kah pak haji🗿,
kok pak haji thorik pake kalung sih😅,
Cantik And Ganteng serasi suami istri yang diridhoi Allah SWT,
kok sepi?,
57mnt lalu,
udah jadi model😯,
sebelum ribuan,
lànggeng slaluu 🔥,
yuhuuuuu 🥰,
tu diaa pakk haji pakai rantai baii.😌,
"fokus pada wajah adik atta, kayak manusia jaman dahulu",
Bahagia selalu aliya 🥰,
aliya😭,
penting nya test drive dlu 😭😭,
ngantuk gw nonton ini😭🙏,
thoriq tipi,
Alhamdulillah ♥️♥️♥️rezki nya berlimpah,
al itu si thorik emg beneran gitu ya?😁😁,
alya tutur katanya lembut,
aliyah cantik banget plisss🔥,
komennya udh ketebak pasti pada bahas ga bisa bangun😭😭,
"suami aq jg gitu klo mau berdiri minum obat dlu,GK msalah sih mng knpa ..yg pnting saling pngertian",
bradley cooper jenggot nya aj deh😂,
ninggalin jejek dulu🤭,
anak nya mau di haji in 2 bulan juga nih,
udah gw dugong komennya 😭😭,
makin dekat sama jln Allah kan😂,
disini ada haji torik🗿🙏,
cape baca komenann😭🤣,
kasian aal,
super sat set apalagi bagian ngitung kan,
Slayy bgt woi💅🏼,
kasian aal si kalau itu beneran 🥺,
udah bisa berdiri apa belum ji,
😂😂,
klo sudah haji pasti tau hukum'y cowok memakai kalung🥺,
😂😂😂😂😭,
Riq serius kah itu?😭😭😭😭,
bgun gk,
anjir duduk nya😂,
penasaran anak nya nanti kek mana?,
Thor maap aku jadi pingin ketawa 😂😂,
bro thoriq? bukan haji thoriq ta 🗿,
Saldo ku🤣🤣🤣🤣,
mau haji lagi bang,
🤣🤣🤣,
haji 2bulan,
suami idaman,
pak haji,
"dia ngapa pake kalung si yaallah😌 , kek slay bgt mana stylenya pake kemeja tambah kek .......😭😭😭😭😭",
riq Bnrn itu???,
all kamu cantik banget lo serius,
😩😩😩,
pak haji pake rantai?? boleh ya kayak gitu??,
langsung lari ke komentar,
🗿,
"GK pernah fyp d aku . tpi aku yg cari sndiri karna dnger gosip, smoga aja itu GK bener yah sehat selalu buat pengantin baru",
keponakan gw udah haji umur 1 bulan😂😂,
hj thorik duduknya lucu yaa😳,
apa Weh ketinggalan brita weh😔,
Ini beneran beritanya? Penasaran haji torik,
😭😭gmn ya,
nantik anak nya 2 bulan haji ya🗿,
bang bisa bangun mandiri gk sekarang?? 😅😅😅,
pak haji Lo pintar dech,
kalung Thoriq lucu banget😁,
wehh ini awalnya gimna si😭🤣,
toril hj 2 bulan,
😭 Britanya knp sih,
bapak nya mau anak nya seperti dia 2bulan udah haji😁,
😂😂😂😂😂😂,
😭😭😭😭😭😭😭😭😭😭,
🤣🤣🤣🤣,
Bhagia slalu kalian dek.....dan cepat dapat beby😇😇😇❤️❤️,
😭😭😭,
👍👍👍,
impoten ta?😭,
"apa tdi untuk biaya haji anaknya SDH ada..
berarti baru brojol lgsung naik haji ya... ngalahin bpknya yg 2bln..🤣🤭✌️",
"kiw kiw bapak hj Thoriq cucok deh skrng
ddk ny manis pake kalung lagi ☺️",
😂😂😂,
jangan lupa nanti kalo udah 2bulan lngsung di gendong bawa ke Har main mekah Madinah,
bro Thoriq? bukan ny haji Thoriq,
duduknyaaa😭💅🏻,
merinding liat thariq😭😭😭,
"gk bisa gk bisa, Thoriq 2 bulan udh haji",
nnti anaknya baru promil sudah haji yahh😂,
tapi Thoriq gabisa berdiri😔,
small,
pencarian ku thoriq gak bisa berdiri chat 😂,
mlotot mulu aliya,
Pak haji udah bisa berdiri belom,
rik beneran?,
"moon maap,ini beneran impotens ya?🙏",
ini yg pertama bilang dia ga bisa berdiri siapa si?😭,
Thoriq umur 2 liter....,
CAPE BGT ANJIR BACA KOMEN 😭😭😭,
harus minum jamu dulu ya?😔,
ya ampun komenya 🤣😭,
"kok calon suami sih bukan nya udh jdi suami, gmna sih g masuk gw",
aal klo ngomong kenapa kek glendotan ya?😭 nadana tu lohh wkwkwk😩😍,
"""emang kamutuh sebagai calon suami super sat set"" kok masi calon?",
haji torik umur 2 bulan 😭,
Thariq gabisa berdiri chat pencarian ku,
serius g bisa berdiri 😭,
"aku kepo, ayo tor klarifikasi 😭😭😭",
Hahahhyy torik impoten,
tolong spil sbg bukti aja,
ntr thoriq klo pny anak pasti 2bln naik hj 😭,
plis yg nyebar berita nya siapa sih😭😭🤣,
preeet,
torik duduknya kok gt🤣🤣🤣,
HAJI😡,
beneran minum dulu baru bangun😭,
emang yg gak bisa bangun apaan woi,
woi bener ga bisa bangun?😭,
pasti al bt banget yaa😌,
iyalah mirip ama lu massa mirip tetangga 🤣,
keliatan si😭,
pasti 2 bln nanti udah haji anaknya,
hj Toriq,
duduk lu knp GT riq,
agak slay😭,
paling bisa netizen 😂😂😂😂,
lg sariawan gbsa ketawa 😭,
pas Toriq bilang kalo ganteng mirip😳😳😳,
bro thoriq😭,
klo udah punya anak jangan di bawa hj 2 bulan ya bang🗿🗿,
Thariq beneran gbsa berdiri?? 😭😭😭,
thoriq apakah berita itu benar😭,
itu pasti karna haji nya umur 2 bulan jadi berdiri nya susah 😂,
katanya dah males ngonten bang😌,
tenang ada haji thoriq bukan bro thoriq,
Malah thoriq yg make kalung😭,
Al klo aku cpae bngt si nungguin yg gk bisa bediri😭😭😭,
thor kok jd keliatan slay 😭,
klo ganteng mirip haji Thoriq😭,
apaan si,
Tidak ter thoriq 🗿,
😂😂toriq ganteng dri mana nha😭,
"Yang lagi cari skincare Pakistan, India, Filipina, Malaysia, timur tengah bisa klik link bioku, bisa dm juga 😀",
kalau gabisa berdiri gimana terus ?,
pencariannya 😭🤣,
"pas bilang ""klw ganteng mirip aku"" gue reflek bilang dih😭😭😭",
bro thoriq apa haji thoriq😅,
brp bln kalungnya pak haji,
kenapa si harus begitu duduk nya 😭,
haji torik🤣🤣🤣🤣🤣🤣🤣🤣🤣🤣🤣,
pencarianku Thariq gabisa berdiri chat,
komennya org org sempurna bgt wk,
Awalnya aku ngga ngeh yg org2 bilang thariq kalau ga minum obat ga bangun.. aku pikir bangun tidur cok.. tau2 yg lain 😭,
duduknya 😔,
lupa unfol gue💃,
Pake gatot koco😂,
ini beneran gabisa berdiri ?!,
gaya Toriq kyk....??????😩,
thorik ada aja gebrakannya setelah haji dua bulan terbitlah gak bisa berdiri,
komenan nya heii😭,
Pengen Bisa Berdiri 🤣🤣,
tor buktiin klo lo berdiri🤭,
2 bulan wajib naik haji anaknya,
pak haji gabisa tahiyat ahir apa yak?😳,
Al lu klarifikasi apa si kemaren. kan berita.nya masalah ngga berdiri apa lu klarifikasi itu ya 😭bahwa itu ngga bener gitu . .,
q cuma mau tanya sama yg koment. itu banyak bngt yg koment gak bisa berdiri. dapat dr mana si? tiap hari buka tt juga gak tau apa apa saya,
"Pa haji klarifikasi dong , kata netizen ga berdiri ? Yakin in mereka ayo",
ini Al sebelum nikah senyum terus ya,
Nyacah pak haji😭,
Kayak bowtie disini😭,
ga salah thor?😭,
kok takut ya,
apa dia ngomong apa tadi????,
aku mlh salpok MH kaki nya Torik SMA PK klung,
kalau ganteng mirip siapa tadi 😒😒,
idih,
Katanya kalo diri harus num obat 😭,
bro Toriq?haji Toriq boo hajiii,
all bauuu ta???,
LAHH GABISA BERDIRI?,
"berdiri dlu biar nembaknya jauh , baru dah bisa 😂",
"emg lo , gajadi deh",
"Toriq lu masih muda kenapa susah berdiri.. Uda kayak kakek gw kalau mau berdiri susah, nyari apa aja yang bisa dipegang .",
cucok deh😂,
aliyah ga mau crta ke yura?,
al sakit apa?,
duduknya luwes ya wak......cucok 👍🤣😂,
"scroll tiktok hampir 24jam msh ketinggalan aja berita yg lg ramee😂lgian kalian tau dri mna sih kabar"" pak haji gk bisa berdiri 🙏",
emng gnteng? eheee,
apa si woi yg GK bisa berdiri 😭aing GK paham,
duduknya😅😅😅 si Thoriq,
Duduknya anjayy,
baru juga kelar yg haji 2 bulan ehh muncul lagi ini masalah gabisa berdiri 🗿,
bang?berdiri kan?😭,
gua benci pikiran gua😭,
komennya😭,
YAAA GABISA NGACHENGG WOOOO😹😹😹😹😹😹😹🔥🔥🔥🔥,
alya Uda nunggu capek2 sekali ny bangun baru assalamualaikum Uda wa'allaikumsalam ...,
haji 2bulan jangan lupa ke mak erot ya biar kokoh kyk tembok china🤪,
bnr gabisa berdirii?😭,
Gua ngk percaya sebelum lihat BUKTI nya THORrrrr🤣🤣,
Kok jd slay,
fokus k duduknya pk haji 😌,
beneran gabisa berdiri?😭,
emang Thoriq anunya bisa diri?😝😂,
masa gabisa berdiri,
haji ternodai dengan tidak bisa berdiri😭,
"aaliya GK merokok lagi ya, pantesan GK pernah ke warung ku lagi",
maka dari itu ciwie2<< unboxingg lah sebelum kita memutuskan untk menikahh😩😩😩😩,
bang bener gak yg beredar punya lu gak bisa berdiri bang,
kalo ganteng mirip sopo thoriq anknya wkwkwk,
bang emang bener ga bisa nga Ceng?,
harus pakek obat ya pak haji,
thoriq kyk pak badhot nya kona 🤣,
komentar gua diapus bro thoriq😒😭,
Ganteng🤣 sorry lah,
bediri,
berdirinya apa si woy??,
Kon tenana torrr,
nih 💊,
meni gandeng hj thorik🤨,
Jangan jagan anak thoriq mau di ajak haji pas umur 2 bulan,
PENCARIAN KU😭😭😭😭 THORIQ GAK BISA BERDIRI😭😭😭😭😭,
Thoriq makin kesini makin kek ivan gunawan bedanya ivan berprestasi,
"""Tapi Thoriq gak bisa berdiri""",
iiiiiih,
bukannya haji torik kok bro torik si😞,
aal kok bisa aal,
ganteng?,
tenang aja ada haji thoriq.hrmmm bau bau dah siapin ..🤔🤔🤔🤔,
kalo sensasi brilink beda lagi 😭,
haji Thoriq,
thor spill obatnya ga😭😭,
susah nggak sih harus minum obat terus,
mau bangun tapi males berdiri,
🥰🥰🥰,
🥰🥰,
🗿,
😂😂,
🗿🗿🗿,
🤣🤣🤣,
@lailamdn_ @!?,
@ituGol_ ❤️Never stop fighting❤️,
@n u r a,
😂😂😂,
@20piscesss,
@palson,
@jstwna.nnr,
🥺,
🥰,
@Sinn @who? komeneee pliss😭,
@bobaenakk ohh ini,
🥰,
BANGUN WOY!!!DR.RICHARD AKAN LIVE TANGGAL 19 AGUSTUS HARGA AMBYARRR😍🔥🔥GA SABAR BGT @drrichardlee,
🥰🥰🥰,
🥰🥰🥰🥰,
"Hay guys Athena ultah!@dr. Richard Lee, MARS, ph.D Tgl 19 Agustus mau live jualan produk baru loo yuukkk jgn lupa nnti join 😁",
🥰🥰🥰,
@Naafisah Azzahra Alfathunisa @k @applelyble @🌒 @ulfasdyh,
👍👍👍,
🥰🥰,
@silpamnd_ baca komenan nya😭,
ya lo,
masa mirip @sabil @e,
🥰🥰🥰,
🤣🙈🙈,
🥰,
💙💙💙💙💙,
🥰,
🥰🥰,
tolong capr baca komen @berlincso32,
@liza pngn ktwa mulu jdinya😭,
@fina komen e😭😭😭,
ganteng😂,
😂,
😳,
😁,
😳😳😳,
😁😁😁,
😂,
@amal WKWKWKW,
😂,
😅,
😏😏😏,
@Devitriani___ komenne gabisa berdiri,
😭😭😭,
@30 lu tau kan isi otak gua??,
😭,
🥰🥰🥰🥰,
@Skuy,
😂😂😂,
😁,
@a jd teringat 😭,
🤣,
😂,
@🦋 sumpah gak kuat moco komen co🤣,
🥰🥰🥰🥰🥰,
🥰🥰🥰,
@IntanAyu016,
@syarina318 🤣,
@𝐀𝐫𝐚𝐚🦢 jadi inget kata kamu gabisa berdiri 😭🤣,
klo ganteng mirip siapa @cann @bluuulan_ 😭😭,
😁😁😁,
😂,
😔,
🤣🤣🤣,
@IDDARD 😭😭😭,
😂😂😂,
😂,
😂,
@mpitnyakamu,
🥰🥰🥰,
😁,
🤣🤣🤣,
🥰🥰,
"@Christ:ATHENA ULTAHHH!!!!! @dr. Richard Lee, MARS, ph.D Mau LIVE tgl 19 Agustus 2024.Jualan Produk Baruuuuu!!!! MENYALA ABANGKUHHHH🔥🔥🔥🔥",
🥰🥰,
🥰🥰🥰,
😔,
🥰,
🥰🥰🥰,
😳,
🥰,
😁,
😭,
😂,
💗,
😭,
😁,
🥰🥰🥰,
emang iya thariq gabisa berdiri? 🗿,
@bibiilll🦋 😭,
"ngak mau pke BRI soalxa sering kena kasus hilang uang, mending BCA aman",
😑,
"buat biaya haji,,, btw anaknya juga mau di hajiin ketika umurnya sudah 56 hari ya gesss😁🙏🙏",
😭😭😭,
wkwkwk gabisaa bangunn🤣🤣,
"kalo cantik mirip kamu kalo ganteng mirip
reflek bilang ""ehhh""😭",
ko aku geli pas Toriq bilang mirip aku sambil action🤣,
"ini komenannya berdiri, emg iya ga berdiri? 😭😭",
😭😭😭😂😂 🥀...,
vibesnya prindavan bngt🗿,
"kok bro thoriq,bukannya hj.thoriq",
"bang emang bener, yang soal 🐦",
Knpa gaya duduk nya lebih feminim si toriq sih,
Kok torik gaya nya beda ya😳 ky agak sdk 😳,
"duduk lu thor, slayyy😭",
kok Aliyah mau ya..,
aga slay dikit,
Apanya yg enggak bisa berdiri?🤔,
knp jdi kyak slay😌,
riq gue punya jamu biar berdiri .. cap besi namanya,
gak bisa berdiri😂,
Cari suami hrs yg ganteng. Kata2 yg kluar saat podcast sama aurel,
kami butuh klarifikasi Thor... beserta bukti kalau bisa tegak lurus 👍,
htoriq gak bisa berdiri viral pencarianku😂kabarin klo biru,
thoriq gabisa berdiri,
mungkin kecil ya smpe ga bisa berdiri😭,
siapa yg nungguin thoriq dibehel?,
bangun tidur inget thoriq gabisa berdiri😭😭😭😭😭,
gak bisa nanti mekrooook,
😳😳😳,
paket minyak lintahnya suda diterima pak？,
thor? gbisa berdiri,
duduknya slayy 😭,
"Toriq maap ya , km mirip bang dorman di film susanh😭",
ya Allah pencarianku🤣🤣🤣😭😭,
apanya yg gk berdiri😇,
all seumur hidup itu lama all😭,
"harusnya, tenang aja aja haji Thariq gtu... Jan bro",
trs berdiri nya ngeliat sp thorik😭🙏,
aku ramal toriq slalu berdiri😎,
thoriq kayak menambah gak sih🥺😅,
Thoriq ada aja gebrakannya,
inget isi chat an yg beredar.. 🗿,
HALO BRO THORIQ😃,
thor serius gabisa berdiri?,
cepat kesurga dulu😭,
gabisa berdiri gmn anjir😭😭😭,
😭😭,
abis haji malah gabisa bediri😭,
setelah 2 bulan haji muncul gabisa berdiri 😂,
maaf Thor tapi klo vt lu lewat gw keringat ss yang di X😭,
sat set ngitung”🤣🤣🤣🤣,
ko bini ny gak pakai hijab,
aaliyah gapapa?😭,
chatan thoriq ngga bisa berdiri,
"Kok calon suami, hrusnyakn suami",
pasti ank nya juga tar belum 2 bulan udah d naikin haji,
"coba ajh tiktok ada filtur vn nya,rasanya gw pengen ketawa sambil ngomong,itu bener punya lo gaa bangun😭",
apasi torik😭,
🤣🤣🤣,
Ganteng mirip ?????🤔☺️,
"tor kamu jatuh knp?
sampai ngga bisa berdiri?",
ganteng🤣🤣🤣🤣pret,
torrr,
DEMI ALLAH KE INGET SS AN NYA😭,
bobo mulu ya all🥹,
pencarian ku: chatan Thoriq ngga bisa berdiri 😭😭.obat mana obat.,
kan kan uda pada ngumpul disini😭😭🤣prkara bisa berdiri apa kagak 🤣,
jadi keinget😭😭😭 @anya,
"aji,btl ga si aji ga bisa berdiri?😭",
jd keinget film turn of😭,
Masyaallah adem banget kalian berdua 🥰,
anak mu nanti 2hari langsung hj😂,
hj tohoiq bukan bro toriqc,
thariq ga bisa berdiri😭😭,
komennya 😭 @pumpkiiies,
baca komen @ANU,
🥰🥰🥰,
ya Allah komennya 😂😂,
mieip Mayang bngt njir,
ada aja gebrakannya 😭,
"kok kayak GK ad gimna"" nya ya",
trnyta alyah meskipun lakinya thoriq tp lbh kpengen kpikiran g mirip sma bpknya😂,
pakai obat dlu pa haji 😁,
fyp gabisa bangun😭,
kalo ini susah berdiri kalo laki gw gampang berdiri 😭,
Thor bener ga berdiri ?,
🤣🤣🤣🤣🤣🤣🤣🤣,
🤣🤣🤣,
"@𝔱𝔦𝔨𝔞 wakk jelaskan dlu maksud komen"" org"" ini",
"Ga berenti ketawa kalo liat thoriq😭 masa ga bisa berdiri, ada” aja netizen",
gak ikutan😭🙏,
Hj torik,
klo cowok mirip 😭😭,
@thoriqhal jangan kebanyakan duduk nanti gabisa berdiri😭😭,
tapi thoriq gabisa…,
thoriq perasaan diem aja dah🤣,
"thor, udah bisa berdiri belum?",
Pak haji emg bnr ga bisa berdiri?,
rik? AHAHAHAHAHA😭😭😭,
Spill obat bedirinya bang,
bang emng bener lu ngatc3n9 kudu make obat?,
😂,
Mang ea gak bisa berdiri 😂,
lucu bgt plisss,
"Bener dugaanku,setelah denger rumur hj gk bisa berdiri,auto liat kesini ternyata bener sudah rame di sini",
thoriq 2 bulan haji❌️thoriq gabisa berdiri✔️,
"bisa jdi sih ini sih thorik gak berdiri, 🤣",
🤣🤣🤣,
☺️☺️☺️☺️☺️☺️,
spil obat,
mirip almarhum mas dono,
Kaget bgt buka x😭,
Ini yang GONG sih 💔💔💔💔,
gw mau berdiri dulu ya,
😅😭,
infonya benar gak pak haji😳,
"paling lucu dari semua gosip, thorik ga bisa berdiri 😭😭😭😭😭😭😭😭😭😭😭😭😭😭😭",
spil obat ji,
welel,
emang bener bro kalo mau berdiri minum obat dlu?,
😹😹😹,
"thariq tuh, radarny kliatqn dikit😅 mungkin itu ygbuat susah bngun🤣",
spill obat biar bisa berdiri,
all nonton kawin tangan deehh itu cerita pasutri suaminya gaa bisa berdiri😭😭🙏,
"selain 2bln udah haji,terbitlah Thor jg ga bisa berdiri 😭",
beneran ga bisa berdiri 🗿🗿🗿🗿,
𝑎𝑎𝑙𝑡ℎ𝑜𝑟 𝑘𝑢𝑢𝑢𝑢 💙💙💙,
pake obat dulu ini?,
spill nama obatnya,
di x beneran g ya,
stok obat brpaa ya kira' ?,
Seriuss harus pake obat ? Sampai chika ninggalin 😭,
GA BISA BERDIRI,
apa mungkin aliyah cemberut itu krna thoriq butuh obt biar berdiri😭😂,
bner ga sih yg rame di x itu pa haji,
Ga bediri bg?,
kakinya nyilang😭🙏,
"kok ""bro thoriq"" bukan ""HAJI THORIQ""",
wkwkw Ga bisa berdiri,
🤣🤣🤣,
kalo ganteng mirip hj thoriqqq,
pasangan TUA,
kalo ganteng mirip hj😫,
🤢,
🤣🤣🤣🤣🤣🤣🤣🤣,
SEWA IPHONE NYA KAK🔥,
minuman kesukaanku nih teh thoriq,
🤣🤣🤣,
🥰🥰cpt amiil aal.aamin,
emg haji 2 bulan ganteng😝,
moga mirip ibunyaaa,
magrib bgt pak haji 2 bln,
Pandangane si cewek,
yg cewek dulu yg jadi timun mas nya mbok rondo kan,
🤣,
"itu berita zize beneran?
katanya ga bisa berdiri",
"Waduh, rame nih😂",
Jar😂,
Semakin lancar rejekinya dan semakin sukses💙🥰,
💙💙💙💙💙💙💙,
🥰🥰❤❤❤,
🥰🥰🥰🥰🥰🥰🥰🥰🥰🥰🥰🥰🥰🥰,
Bangun woi!! @drrichardlee mau live tgl 19 agustus harga AMBYAR 😍❤️🙌🙌,
🥰🥰,
"Bangun woy!!! dr. Richard akan live 19 Agustus harga Ambyar!!!@dr. Richard Lee, MARS, ph.D",
"Udah 1 Hari Bikin Vt Baru 7.9K Yg Like
Yang Komen 160
Sepi Ya @thariqhalilintar",
"Bangun woy @dr. Richard Lee, MARS, ph.D akan live tgl 19 Agustus harga ambyar",
"main tebak tebak kan yokk,,, tahan berapa lama ni 🙈🙏",
👍👍👍,
opet opet,
👍👍👍🥰🥰🥰,
tim brimooo dari duluuu😍,
"ATHENA ULTAHHH!!!!! DR.RICHARD mau LIVE tgl 19 AGUSTUS 2024. jualan produk
baruuuuu!!!!🔥🔥🔥🔥
doa in aku semogaaa dapettt!!!!!!!!",
Gemes banget Liat Mereka indah Banget adem Bgtt,
🥰🥰🥰🥰,
Lovebird❤️,
😁🥰🥰,
"kalo iklan mah mesti bagus2 kata2 nya ya dek ya,., 😂😂",
Bahagiaaaaa bgt liat kaliann🥰🥰🥰 ya allah semoga d mudahkan dpet momongan but aalthor❤️🥰,
semoga selalu bahagia terus sampai opa Oma 🥰,
❤️❤️❤️❤️,
ga sabar nunggu altor Junior 🤗🥰,
semoga makin sukses Dan bahagia althor,
co cweet,
"ATHENA ULTAH !!!
dr.Richard mau Live tgl 19 Agustus, JUALAN PRODUK BARU !!!
HAYOOO.....gasssssss..",
langgeng till Jannah amiin 🤲🏻,
😍😍😍😍😍,
🗿🗿🗿,
😘😘😘,
"Aamiin ya Allah, ke dpnnya semakin sukses, lancar sgl urusannya, bhgia sllu untuk kalian 🥰🥰",
semoga cpt dpt thoriq junior,
nanti semoga anak nya mirip tarik ya biar ganteng,
